timestamp,sender,text
525,LLMAssistant,"Hello, this is a present message that you can edit in your code in ParticipantInitiated.js (initialMessages)."
525,LLMAssistant,"This is the second message, you can edit, add more, or delete me."
50248,user,"hey, can u help me write aboute nature?"
50248,LLMAssistant,"Yes, I can definitely help you write about nature! It's a vast and beautiful topic.

To give you the best suggestions, could you tell me a little more about what you have in mind? For example:

1.  **What *aspect* of nature are you most drawn to?** (e.g., its beauty, its power, its calm, its wildlife, its resilience, its changing seasons, how humans interact with it?)
2.  **What *feeling* do you want to evoke in your writing?** (e.g., wonder, peace, excitement, urgency, mystery, awe?)
3.  **What *form* is this writing taking?** (e.g., a poem, an essay, a descriptive piece, a story, a reflection, a blog post?)
4.  **Is there a *specific natural setting* you'd like to focus on?** (e.g., a forest, a mountain, an ocean, a river, a desert, a specific garden?)

Once I have a better idea, I can help you brainstorm specific ideas, angles, and even some descriptive language!"
83420,user,"its beauty and calm, peace and wonder, a regulat text."
83420,LLMAssistant,"Wonderful! ""Beauty, calm, peace, and wonder"" are perfect themes for a regular text about nature. This combination often leads to very evocative and reflective writing.

Here are some ideas and approaches to get you started:

### Themes to Explore:

1.  **Sensory Immersion:** How does nature engage all your senses to create these feelings?
    *   **Sight:** The intricate patterns of a leaf, the vastness of a clear sky, the gentle sway of trees, the vibrant colours of a sunset or flower.
    *   **Sound:** The rustle of leaves, the chirping of birds, the gentle murmur of a stream, the distant whisper of the wind, the soft buzz of insects.
    *   **Smell:** The earthy scent after rain, the sweet perfume of blossoms, the crispness of pine needles, the saltiness of the sea air.
    *   **Touch:** The cool smoothness of a stone, the rough bark of a tree, the soft grass underfoot, the warmth of sun on your skin, the cool mist of a waterfall.
    *   **Taste (less common, but possible):** The freshness of rain, the clean air.

2.  **Specific Natural Settings:** Pick one or two to focus on, and then describe how they embody your chosen feelings.
    *   **A quiet forest:** The dappled sunlight, the towering trees, the soft moss, the symphony of birds.
    *   **A tranquil lake or river:** The still reflections, the gentle ripples, the steady flow, the sense of timelessness.
    *   **A serene garden:** The careful design, the vibrant blooms, the buzzing pollinators, the sense of nurture and growth.
    *   **A vast meadow:** The wildflowers swaying, the open sky, the gentle breeze, the feeling of freedom.
    *   **A peaceful coastline:** The rhythmic waves, the expansive horizon, the clean air, the feeling of being small yet connected.

3.  **Moments of Observation:** Focus on a particular moment when you felt these emotions strongly.
    *   Watching a sunrise or sunset.
    *   Observing a tiny insect on a flower.
    *   Feeling the first raindrops of a gentle shower.
    *   Sitting silently and just listening to the world around you.
    *   Gazing at the stars on a clear night.

4.  **Nature's Resilience and Cycle:** The quiet strength of nature, its continuous cycles of growth, decay, and renewal, can be profoundly peaceful and wondrous.

### How to Start Writing:

*   **Begin with a vivid image or sound:** ""The forest floor was a tapestry of emerald moss and fallen leaves, each step cushioned by centuries of gentle decay.""
*   **Start with a personal reflection:** ""There's a specific kind of peace that only settles upon me when I step away from concrete and into the embrace of trees.""
*   **Pose a question:** ""What is it about the silent language of a mountain range that quiets the human spirit so profoundly?""

### Example Prompt/Starting Point:

Let's try focusing on a simple scene that evokes beauty, calm, peace, and wonder. How about **a quiet morning in a natural setting**?

You could describe:
*   The soft, diffused light of dawn filtering through trees or across a landscape.
*   The gentle awakening of sounds – birdsong starting, water subtly moving.
*   The dew on leaves or grass, sparkling with tiny rainbows.
*   The fresh, clean smell in the air.
*   The feeling of stillness before the world fully wakes up.

**Would you like me to give you a short example paragraph based on these themes to help you get going? Or do you want to try writing a few sentences and I can offer feedback?**"
108352,user,can u write a draft about forests
108352,LLMAssistant,"Okay, here's a draft focusing on the beauty, calm, peace, and wonder found within a forest. Feel free to use parts of it, change it, or let it inspire your own words!

---

**Draft: The Embrace of the Forest**

Stepping into a forest is like entering a hushed cathedral built by nature itself. The world outside, with its clamor and rush, instantly fades, replaced by a profound quiet that settles deep within the soul. Here, towering trees reach skyward, their ancient trunks etched with stories only time can tell, forming a majestic canopy that filters the sunlight into a soft, dappled glow. Each beam that breaks through the leaves dances on the forest floor, illuminating a tapestry of emerald moss, fallen leaves, and the delicate fronds of ferns.

The air itself feels different – cool, clean, and carrying the earthy scent of damp soil, pine needles, and the subtle perfume of unseen blossoms. A gentle breeze whispers through the branches, a soft, rhythmic sigh that joins the distant murmur of a hidden stream and the occasional, sweet melody of a bird. There's a wonder in this symphony of quiet, a natural harmony that soothes the mind and invites a sense of deep peace. You can feel the resilience of life all around you, from the tiniest insect meticulously traversing a leaf to the sprawling roots that anchor the giants above. In this sanctuary, the simple act of breathing becomes a mindful experience, a reconnection to something timeless and profoundly beautiful."
